family_id,review_status,manual_anchor_type,manual_anchor_time,review_note
kalshi_event::KXATP-26HALLE,,,,
kalshi_event::KXATP-26LONDON,,,,
kalshi_event::KXATPCHALLENGERMATCH-26JUN18ALCSAN,,,,
kalshi_event::KXATPCHALLENGERMATCH-26JUN18BUESVR,,,,
kalshi_event::KXATPCHALLENGERMATCH-26JUN18CAMRAT,,,,
kalshi_event::KXATPCHALLENGERMATCH-26JUN18DJETSE,,,,
kalshi_event::KXATPCHALLENGERMATCH-26JUN18FELRAQ,,,,
kalshi_event::KXATPCHALLENGERMATCH-26JUN18MOCBER,,,,
kalshi_event::KXATPCHALLENGERMATCH-26JUN18OCOBON,,,,
kalshi_event::KXATPCHALLENGERMATCH-26JUN18RODZHO,,,,
kalshi_event::KXATPEXACTMATCH-26JUN17PAUVAN,,,,
kalshi_event::KXATPEXACTMATCH-26JUN18ZVEHAN,,,,
kalshi_event::KXATPGSPREAD-26JUN17PAUVAN,,,,
kalshi_event::KXATPGSPREAD-26JUN18ZVEHAN,,,,
kalshi_event::KXATPGTOTAL-26JUN17PAUVAN,,,,
kalshi_event::KXATPGTOTAL-26JUN18ZVEHAN,,,,
kalshi_event::KXATPMATCH-26JUN17PAUVAN,,,,
kalshi_event::KXATPMATCH-26JUN18ZVEHAN,,,,
kalshi_event::KXATPSETWINNER-26JUN17PAUVAN-2,,,,
kalshi_event::KXATPSETWINNER-26JUN18ZVEHAN-1,,,,
kalshi_event::KXATPSETWINNER-26JUN18ZVEHAN-2,,,,
kalshi_event::KXBNB-26JUN1810,,,,
kalshi_event::KXBNB-26JUN1811,,,,
kalshi_event::KXBNB-26JUN1812,,,,
kalshi_event::KXBNB15M-26JUN181015,,,,
kalshi_event::KXBNB15M-26JUN181030,,,,
kalshi_event::KXBNB15M-26JUN181045,,,,
kalshi_event::KXBNB15M-26JUN181100,,,,
kalshi_event::KXBNB15M-26JUN181115,,,,
kalshi_event::KXBNB15M-26JUN181130,,,,
kalshi_event::KXBNB15M-26JUN181145,,,,
kalshi_event::KXBNB15M-26JUN181200,,,,
kalshi_event::KXBNB15M-26JUN181215,,,,
kalshi_event::KXBNBD-26JUN1810,,,,
kalshi_event::KXBNBD-26JUN1811,,,,
kalshi_event::KXBNBD-26JUN1812,,,,
kalshi_event::KXBTC-26JUN1810,,,,
kalshi_event::KXBTC-26JUN1811,,,,
kalshi_event::KXBTC-26JUN1812,,,,
kalshi_event::KXBTC15M-26JUN181015,,,,
kalshi_event::KXBTC15M-26JUN181030,,,,
kalshi_event::KXBTC15M-26JUN181045,,,,
kalshi_event::KXBTC15M-26JUN181100,,,,
kalshi_event::KXBTC15M-26JUN181115,,,,
kalshi_event::KXBTC15M-26JUN181130,,,,
kalshi_event::KXBTC15M-26JUN181145,,,,
kalshi_event::KXBTC15M-26JUN181200,,,,
kalshi_event::KXBTC15M-26JUN181215,,,,
kalshi_event::KXBTCD-26JUN1811,,,,
kalshi_event::KXBTCD-26JUN1812,,,,
kalshi_event::KXCS2GAME-26JUN180630EXMANAPSNA,,,,
kalshi_event::KXCS2GAME-26JUN180800PHAJJH,,,,
kalshi_event::KXCS2GAME-26JUN180945BETAUR,,,,
kalshi_event::KXCS2GAME-26JUN181000G1HOTU,,,,
kalshi_event::KXCS2MAP-26JUN180800PHAJJH-2,,,,
kalshi_event::KXCS2MAP-26JUN180900INFOXUJI-1,,,,
kalshi_event::KXCS2MAP-26JUN180900INFOXUJI-2,,,,
kalshi_event::KXCS2MAP-26JUN180945BETAUR-1,,,,
kalshi_event::KXCS2MAP-26JUN180945BETAUR-2,,,,
kalshi_event::KXCS2MAP-26JUN181000G1HOTU-1,,,,
kalshi_event::KXCS2MAP-26JUN181000G1HOTU-2,,,,
kalshi_event::KXCS2MAP-26JUN181100KOLECH-1,,,,
kalshi_event::KXCS2TOTALMAPS-26JUN180630EXMANAPSNA,,,,
kalshi_event::KXCS2TOTALMAPS-26JUN180800PHAJJH,,,,
kalshi_event::KXCS2TOTALMAPS-26JUN180945BETAUR,,,,
kalshi_event::KXCS2TOTALMAPS-26JUN181000G1HOTU,,,,
kalshi_event::KXDOGE-26JUN1810,,,,
kalshi_event::KXDOGE-26JUN1811,,,,
kalshi_event::KXDOGE15M-26JUN181015,,,,
kalshi_event::KXDOGE15M-26JUN181030,,,,
kalshi_event::KXDOGE15M-26JUN181045,,,,
kalshi_event::KXDOGE15M-26JUN181100,,,,
kalshi_event::KXDOGE15M-26JUN181115,,,,
kalshi_event::KXDOGE15M-26JUN181130,,,,
kalshi_event::KXDOGE15M-26JUN181145,,,,
kalshi_event::KXDOGE15M-26JUN181200,,,,
kalshi_event::KXDOGE15M-26JUN181215,,,,
kalshi_event::KXDOGED-26JUN1810,,,,
kalshi_event::KXDOGED-26JUN1811,,,,
kalshi_event::KXDOTA2MAP-26JUN181000AMAEB-1,,,,
kalshi_event::KXETH-26JUN1811,,,,
kalshi_event::KXETH-26JUN1812,,,,
kalshi_event::KXETH15M-26JUN181015,,,,
kalshi_event::KXETH15M-26JUN181030,,,,
kalshi_event::KXETH15M-26JUN181045,,,,
kalshi_event::KXETH15M-26JUN181100,,,,
kalshi_event::KXETH15M-26JUN181115,,,,
kalshi_event::KXETH15M-26JUN181130,,,,
kalshi_event::KXETH15M-26JUN181145,,,,
kalshi_event::KXETH15M-26JUN181200,,,,
kalshi_event::KXETH15M-26JUN181215,,,,
kalshi_event::KXETHD-26JUN1810,,,,
kalshi_event::KXETHD-26JUN1811,,,,
kalshi_event::KXETHD-26JUN1812,,,,
kalshi_event::KXHIGHCHI-26JUN17,,,,
kalshi_event::KXHIGHTHOU-26JUN17,,,,
kalshi_event::KXHIGHTMIN-26JUN17,,,,
kalshi_event::KXHIGHTSEA-26JUN17,,,,
kalshi_event::KXHYPE-26JUN1810,,,,
kalshi_event::KXHYPE-26JUN1811,,,,
kalshi_event::KXHYPE-26JUN1812,,,,
kalshi_event::KXHYPE15M-26JUN181015,,,,
kalshi_event::KXHYPE15M-26JUN181030,,,,
kalshi_event::KXHYPE15M-26JUN181045,,,,
kalshi_event::KXHYPE15M-26JUN181100,,,,
kalshi_event::KXHYPE15M-26JUN181115,,,,
kalshi_event::KXHYPE15M-26JUN181130,,,,
kalshi_event::KXHYPE15M-26JUN181145,,,,
kalshi_event::KXHYPE15M-26JUN181200,,,,
kalshi_event::KXHYPE15M-26JUN181215,,,,
kalshi_event::KXHYPED-26JUN1810,,,,
kalshi_event::KXHYPED-26JUN1811,,,,
kalshi_event::KXHYPED-26JUN1812,,,,
kalshi_event::KXINXU-26JUN18H1100,,,,
kalshi_event::KXINXU-26JUN18H1200,,,,
kalshi_event::KXITFMATCH-26JUN18AGEDIB,,,,
kalshi_event::KXITFMATCH-26JUN18AUBKOP,,,,
kalshi_event::KXITFMATCH-26JUN18AVAHYS,,,,
kalshi_event::KXITFMATCH-26JUN18BIEHIP,,,,
kalshi_event::KXITFMATCH-26JUN18CHABAB,,,,
kalshi_event::KXITFMATCH-26JUN18DYEPER,,,,
kalshi_event::KXITFMATCH-26JUN18GARPAL,,,,
kalshi_event::KXITFMATCH-26JUN18GONDOM,,,,
kalshi_event::KXITFMATCH-26JUN18INCBOU,,,,
kalshi_event::KXITFMATCH-26JUN18KOVGAL,,,,
kalshi_event::KXITFMATCH-26JUN18MALMAJ,,,,
kalshi_event::KXITFMATCH-26JUN18PERGUI,,,,
kalshi_event::KXITFMATCH-26JUN18POGBON,,,,
kalshi_event::KXITFMATCH-26JUN18POPBRO,,,,
kalshi_event::KXITFMATCH-26JUN18RATDEL,,,,
kalshi_event::KXITFMATCH-26JUN18SCHBOO,,,,
kalshi_event::KXITFMATCH-26JUN18SILECH,,,,
kalshi_event::KXITFMATCH-26JUN18STABUT,,,,
kalshi_event::KXITFMATCH-26JUN18ZICLIE,,,,
kalshi_event::KXITFWMATCH-26JUN18CCUZOR,,,,
kalshi_event::KXITFWMATCH-26JUN18CEXBAL,,,,
kalshi_event::KXITFWMATCH-26JUN18DRASAR,,,,
kalshi_event::KXITFWMATCH-26JUN18HURBOS,,,,
kalshi_event::KXITFWMATCH-26JUN18JANGLU,,,,
kalshi_event::KXITFWMATCH-26JUN18LOPGON,,,,
kalshi_event::KXITFWMATCH-26JUN18PAWEWA,,,,
kalshi_event::KXITFWMATCH-26JUN18PERCOL,,,,
kalshi_event::KXITFWMATCH-26JUN18SLANOE,,,,
kalshi_event::KXITFWMATCH-26JUN18THOMAQ,,,,
kalshi_event::KXITFWMATCH-26JUN18VERDAN,,,,
kalshi_event::KXKOSPI-JUN,,,,
kalshi_event::KXLIUKELIMINATION-26JUN17,,,,
kalshi_event::KXLOLGAME-26JUN180500NSEAKTC,,,,
kalshi_event::KXLOLTOTALMAPS-26JUN180500NSEAKTC,,,,
kalshi_event::KXLOWTLAX-26JUN17,,,,
kalshi_event::KXLOWTNOLA-26JUN17,,,,
kalshi_event::KXLOWTSATX-26JUN17,,,,
kalshi_event::KXLOWTSFO-26JUN17,,,,
kalshi_event::KXNASDAQ100U-26JUN18H1100,,,,
kalshi_event::KXNASDAQ100U-26JUN18H1200,,,,
kalshi_event::KXOWGAME-26JUN180700T12ELMT,,,,
kalshi_event::KXOWGAME-26JUN180830TSSSE,,,,
kalshi_event::KXPGAHOLESCORE-USO26R1RMCI,,,,
kalshi_event::KXPGAHOLESCORE-USO26R1SSCH,,,,
kalshi_event::KXPOLITICSMENTION-26JUN18,,,,
kalshi_event::KXSCOTUSMARIJUANAGUN,,,,
kalshi_event::KXSOL15M-26JUN181015,,,,
kalshi_event::KXSOL15M-26JUN181030,,,,
kalshi_event::KXSOL15M-26JUN181045,,,,
kalshi_event::KXSOL15M-26JUN181100,,,,
kalshi_event::KXSOL15M-26JUN181115,,,,
kalshi_event::KXSOL15M-26JUN181130,,,,
kalshi_event::KXSOL15M-26JUN181145,,,,
kalshi_event::KXSOL15M-26JUN181200,,,,
kalshi_event::KXSOL15M-26JUN181215,,,,
kalshi_event::KXSOLD-26JUN1811,,,,
kalshi_event::KXSOLD-26JUN1812,,,,
kalshi_event::KXSOLE-26JUN1811,,,,
kalshi_event::KXSOLE-26JUN1812,,,,
kalshi_event::KXT20MATCH-26JUN160530ROCHII,,,,
kalshi_event::KXTEMPNYCH-26JUN1809,,,,
kalshi_event::KXTEMPNYCH-26JUN1810,,,,
kalshi_event::KXTRUMPSAY-26JUN22,,,,
kalshi_event::KXTRUMPSAYMONTH-26JUL01,,,,
kalshi_event::KXTRUMPZELENSKYBILAT-26,,,,
kalshi_event::KXUSIRANMOU-27JAN01,,,,
kalshi_event::KXVALORANTGAME-26JUN180700FCYTRN,,,,
kalshi_event::KXVALORANTGAME-26JUN180700T1ADRX,,,,
kalshi_event::KXVALORANTGAME-26JUN180900555OAS,,,,
kalshi_event::KXVALORANTMAP-26JUN180900555OAS-1,,,,
kalshi_event::KXVALORANTMAP-26JUN180900555OAS-2,,,,
kalshi_event::KXVBAGAME-26JUN180830NHACHI,,,,
kalshi_event::KXWNBACCUP-26,,,,
kalshi_event::KXWT20MATCH-26JUN180730ZIMMAL,,,,
kalshi_event::KXWTA-26BERLIN,,,,
kalshi_event::KXWTA-26NOTTIN,,,,
kalshi_event::KXWTACHALLENGERMATCH-26JUN17VIDMIC,,,,
kalshi_event::KXWTAMATCH-26JUN17KEYMUC,,,,
kalshi_event::KXWTAMATCH-26JUN18BOUKLU,,,,
kalshi_event::KXWTASETWINNER-26JUN17ANNPRE-1,,,,
kalshi_event::KXWTASETWINNER-26JUN17KEYMUC-1,,,,
kalshi_event::KXWTASETWINNER-26JUN17KEYMUC-2,,,,
kalshi_event::KXWTASETWINNER-26JUN18BOUKLU-1,,,,
kalshi_event::KXWTASETWINNER-26JUN18BOUKLU-2,,,,
kalshi_event::KXWTI-26JUN1714,,,,
kalshi_event::KXXRP-26JUN1810,,,,
kalshi_event::KXXRP-26JUN1811,,,,
kalshi_event::KXXRP15M-26JUN181015,,,,
kalshi_event::KXXRP15M-26JUN181030,,,,
kalshi_event::KXXRP15M-26JUN181045,,,,
kalshi_event::KXXRP15M-26JUN181100,,,,
kalshi_event::KXXRP15M-26JUN181115,,,,
kalshi_event::KXXRP15M-26JUN181130,,,,
kalshi_event::KXXRP15M-26JUN181145,,,,
kalshi_event::KXXRP15M-26JUN181200,,,,
kalshi_event::KXXRP15M-26JUN181215,,,,
kalshi_event::KXXRPD-26JUN1810,,,,
kalshi_event::KXXRPD-26JUN1811,,,,
polymarket_event::101714,,,,
polymarket_event::102007,,,,
polymarket_event::102030,,,,
polymarket_event::102740,,,,
polymarket_event::103576,,,,
polymarket_event::103763,,,,
polymarket_event::104392,,,,
polymarket_event::105864,,,,
polymarket_event::106152,,,,
polymarket_event::106176,,,,
polymarket_event::107569,,,,
polymarket_event::108522,,,,
polymarket_event::110515,,,,
polymarket_event::112071,,,,
polymarket_event::115614,,,,
polymarket_event::117810,,,,
polymarket_event::118455,,,,
polymarket_event::121853,,,,
polymarket_event::123568,,,,
polymarket_event::127082,,,,
polymarket_event::127091,,,,
polymarket_event::127100,,,,
polymarket_event::127101,,,,
polymarket_event::127102,,,,
polymarket_event::127107,,,,
polymarket_event::127108,,,,
polymarket_event::131190,,,,
polymarket_event::131229,,,,
polymarket_event::131313,,,,
polymarket_event::131438,,,,
polymarket_event::131448,,,,
polymarket_event::131517,,,,
polymarket_event::133604,,,,
polymarket_event::133657,,,,
polymarket_event::133675,,,,
polymarket_event::133689,,,,
polymarket_event::133720,,,,
polymarket_event::133755,,,,
polymarket_event::133760,,,,
polymarket_event::134977,,,,
polymarket_event::135516,,,,
polymarket_event::137398,,,,
polymarket_event::138745,,,,
polymarket_event::139444,,,,
polymarket_event::139881,,,,
polymarket_event::143642,,,,
polymarket_event::143669,,,,
polymarket_event::145075,,,,
polymarket_event::145648,,,,
polymarket_event::145731,,,,
polymarket_event::145887,,,,
polymarket_event::145906,,,,
polymarket_event::145911,,,,
polymarket_event::145985,,,,
polymarket_event::147394,,,,
polymarket_event::147463,,,,
polymarket_event::147521,,,,
polymarket_event::147523,,,,
polymarket_event::147778,,,,
polymarket_event::148000,,,,
polymarket_event::148014,,,,
polymarket_event::148239,,,,
polymarket_event::148353,,,,
polymarket_event::148423,,,,
polymarket_event::149775,,,,
polymarket_event::149845,,,,
polymarket_event::151953,,,,
polymarket_event::152123,,,,
polymarket_event::153513,,,,
polymarket_event::153755,,,,
polymarket_event::153927,,,,
polymarket_event::153936,,,,
polymarket_event::155674,,,,
polymarket_event::156618,,,,
polymarket_event::158299,,,,
polymarket_event::159929,,,,
polymarket_event::161660,,,,
polymarket_event::161668,,,,
polymarket_event::16167,,,,
polymarket_event::161687,,,,
polymarket_event::16180,,,,
polymarket_event::161872,,,,
polymarket_event::162167,,,,
polymarket_event::162173,,,,
polymarket_event::162276,,,,
polymarket_event::164114,,,,
polymarket_event::164589,,,,
polymarket_event::174498,,,,
polymarket_event::174803,,,,
polymarket_event::174976,,,,
polymarket_event::175155,,,,
polymarket_event::175465,,,,
polymarket_event::175504,,,,
polymarket_event::175521,,,,
polymarket_event::176745,,,,
polymarket_event::179766,,,,
polymarket_event::181347,,,,
polymarket_event::183698,,,,
polymarket_event::183726,,,,
polymarket_event::184020,,,,
polymarket_event::184050,,,,
polymarket_event::186419,,,,
polymarket_event::188561,,,,
polymarket_event::189550,,,,
polymarket_event::189551,,,,
polymarket_event::189559,,,,
polymarket_event::189755,,,,
polymarket_event::189761,,,,
polymarket_event::189831,,,,
polymarket_event::190485,,,,
polymarket_event::190503,,,,
polymarket_event::191689,,,,
polymarket_event::191701,,,,
polymarket_event::192790,,,,
polymarket_event::192882,,,,
polymarket_event::192924,,,,
polymarket_event::193690,,,,
polymarket_event::194853,,,,
polymarket_event::19587,,,,
polymarket_event::196854,,,,
polymarket_event::197683,,,,
polymarket_event::197703,,,,
polymarket_event::197913,,,,
polymarket_event::198574,,,,
polymarket_event::198575,,,,
polymarket_event::198589,,,,
polymarket_event::198590,,,,
polymarket_event::198672,,,,
polymarket_event::198756,,,,
polymarket_event::199451,,,,
polymarket_event::199695,,,,
polymarket_event::199727,,,,
polymarket_event::200421,,,,
polymarket_event::200525,,,,
polymarket_event::203836,,,,
polymarket_event::204497,,,,
polymarket_event::204499,,,,
polymarket_event::206578,,,,
polymarket_event::206736,,,,
polymarket_event::206761,,,,
polymarket_event::207922,,,,
polymarket_event::211086,,,,
polymarket_event::211794,,,,
polymarket_event::212877,,,,
polymarket_event::212975,,,,
polymarket_event::213293,,,,
polymarket_event::217185,,,,
polymarket_event::217507,,,,
polymarket_event::218090,,,,
polymarket_event::224159,,,,
polymarket_event::226619,,,,
polymarket_event::226784,,,,
polymarket_event::230200,,,,
polymarket_event::230927,,,,
polymarket_event::234800,,,,
polymarket_event::235592,,,,
polymarket_event::236840,,,,
polymarket_event::237569,,,,
polymarket_event::237598,,,,
polymarket_event::241861,,,,
polymarket_event::243854,,,,
polymarket_event::243875,,,,
polymarket_event::244388,,,,
polymarket_event::244512,,,,
polymarket_event::246512,,,,
polymarket_event::248286,,,,
polymarket_event::248393,,,,
polymarket_event::255195,,,,
polymarket_event::256921,,,,
polymarket_event::259240,,,,
polymarket_event::259726,,,,
polymarket_event::259788,,,,
polymarket_event::26004,,,,
polymarket_event::261455,,,,
polymarket_event::264031,,,,
polymarket_event::265906,,,,
polymarket_event::277152,,,,
polymarket_event::280825,,,,
polymarket_event::284268,,,,
polymarket_event::307822,,,,
polymarket_event::308245,,,,
polymarket_event::308518,,,,
polymarket_event::31212,,,,
polymarket_event::314557,,,,
polymarket_event::315405,,,,
polymarket_event::315414,,,,
polymarket_event::322911,,,,
polymarket_event::326055,,,,
polymarket_event::326070,,,,
polymarket_event::326093,,,,
polymarket_event::326109,,,,
polymarket_event::329566,,,,
polymarket_event::330437,,,,
polymarket_event::330438,,,,
polymarket_event::333041,,,,
polymarket_event::333162,,,,
polymarket_event::336248,,,,
polymarket_event::336260,,,,
polymarket_event::336508,,,,
polymarket_event::336641,,,,
polymarket_event::336761,,,,
polymarket_event::337056,,,,
polymarket_event::337072,,,,
polymarket_event::337075,,,,
polymarket_event::337076,,,,
polymarket_event::337079,,,,
polymarket_event::337156,,,,
polymarket_event::339799,,,,
polymarket_event::339963,,,,
polymarket_event::34050,,,,
polymarket_event::357807,,,,
polymarket_event::357873,,,,
polymarket_event::35908,,,,
polymarket_event::360860,,,,
polymarket_event::376231,,,,
polymarket_event::379514,,,,
polymarket_event::382447,,,,
polymarket_event::385367,,,,
polymarket_event::385825,,,,
polymarket_event::389715,,,,
polymarket_event::399704,,,,
polymarket_event::400690,,,,
polymarket_event::400712,,,,
polymarket_event::400878,,,,
polymarket_event::400933,,,,
polymarket_event::401113,,,,
polymarket_event::401121,,,,
polymarket_event::404632,,,,
polymarket_event::407054,,,,
polymarket_event::407744,,,,
polymarket_event::407745,,,,
polymarket_event::41353,,,,
polymarket_event::43053,,,,
polymarket_event::432271,,,,
polymarket_event::432287,,,,
polymarket_event::432304,,,,
polymarket_event::436391,,,,
polymarket_event::437851,,,,
polymarket_event::438050,,,,
polymarket_event::448098,,,,
polymarket_event::45214,,,,
polymarket_event::452382,,,,
polymarket_event::462467,,,,
polymarket_event::474178,,,,
polymarket_event::478472,,,,
polymarket_event::485540,,,,
polymarket_event::486199,,,,
polymarket_event::499369,,,,
polymarket_event::500753,,,,
polymarket_event::500791,,,,
polymarket_event::500816,,,,
polymarket_event::500824,,,,
polymarket_event::500825,,,,
polymarket_event::500855,,,,
polymarket_event::507129,,,,
polymarket_event::511422,,,,
polymarket_event::514175,,,,
polymarket_event::517737,,,,
polymarket_event::527767,,,,
polymarket_event::531004,,,,
polymarket_event::555963,,,,
polymarket_event::578328,,,,
polymarket_event::61056,,,,
polymarket_event::66070,,,,
polymarket_event::71693,,,,
polymarket_event::72419,,,,
polymarket_event::73079,,,,
polymarket_event::73096,,,,
polymarket_event::73105,,,,
polymarket_event::73106,,,,
polymarket_event::73108,,,,
polymarket_event::73128,,,,
polymarket_event::73213,,,,
polymarket_event::73226,,,,
polymarket_event::73835,,,,
polymarket_event::73871,,,,
polymarket_event::73897,,,,
polymarket_event::74069,,,,
polymarket_event::74939,,,,
polymarket_event::75605,,,,
polymarket_event::78016,,,,
polymarket_event::79048,,,,
polymarket_event::79103,,,,
polymarket_event::79104,,,,
polymarket_event::79123,,,,
polymarket_event::79836,,,,
polymarket_event::79899,,,,
polymarket_event::79926,,,,
polymarket_event::79932,,,,
polymarket_event::80064,,,,
polymarket_event::80066,,,,
polymarket_event::80773,,,,
polymarket_event::83173,,,,
polymarket_event::83771,,,,
polymarket_event::83803,,,,
polymarket_event::84018,,,,
polymarket_event::84066,,,,
polymarket_event::84622,,,,
polymarket_event::84788,,,,
polymarket_event::84910,,,,
polymarket_event::84920,,,,
polymarket_event::84921,,,,
polymarket_event::84939,,,,
polymarket_event::84940,,,,
polymarket_event::84945,,,,
polymarket_event::84946,,,,
polymarket_event::84947,,,,
polymarket_event::85299,,,,
polymarket_event::86832,,,,
polymarket_event::87073,,,,
polymarket_event::88710,,,,
polymarket_event::89062,,,,
polymarket_event::89175,,,,
polymarket_event::89502,,,,
polymarket_event::89519,,,,
polymarket_event::89525,,,,
polymarket_event::89530,,,,
polymarket_event::89554,,,,
polymarket_event::89559,,,,
polymarket_event::89572,,,,
polymarket_event::89582,,,,
polymarket_event::89583,,,,
polymarket_event::89588,,,,
polymarket_event::89597,,,,
polymarket_event::89603,,,,
polymarket_event::90177,,,,
polymarket_event::90366,,,,
polymarket_event::91275,,,,
polymarket_event::91280,,,,
polymarket_event::91919,,,,
polymarket_event::91942,,,,
polymarket_event::92611,,,,
polymarket_event::92975,,,,
polymarket_event::95091,,,,
polymarket_event::95127,,,,
polymarket_event::98133,,,,
polymarket_event::98230,,,,
polymarket_event::98374,,,,
polymarket_event::99583,,,,
